In The End [Official HD Music Video] - Linkin Park.mp3;In The End [Official HD Music Video] - Linkin Park;Linkin Park;2000;218;Rock;Malinconia;0
Izi - Chic (Prod. Mace & Shablo) (Official Video).mp3;Izi - Chic (Prod. Mace & Shablo) (Official Video);izi;2016;219;Hip Hop;Macchina;2
Kanye West - Homecoming.mp3;Kanye West - Homecoming;Kanye West;2007;204;Elettronica;Macchina;0
Kanye West - Flashing Lights ft. Dwele.mp3;Kanye West - Flashing Lights ft. Dwele;Kanye West;2007;173;Hip Hop;Macchina;0
I Wonder.mp3;I Wonder;Kanye West;2007;243;Hip Hop;Macchina,Malinconia;0
Kanye West - Runaway (Video Version) ft. Pusha T.mp3;Kanye West - Runaway (Video Version) ft. Pusha T;Kanye West;2010;277;Hip Hop;Macchina;0
Nirvana - Smells Like Teen Spirit (Official Music Video).mp3;Nirvana - Smells Like Teen Spirit (Official Music Video);Nirvana;1991;278;Rock;Energia;0
ACDC - Thunderstruck (Official Video).mp3;ACDC - Thunderstruck (Official Video);ACDC;1990;293;Rock;Vintage;0
Fabri Fibra. Bugiardo..mp3;Fabri Fibra. Bugiardo.;Fabri Fibra;2007;235;Hip Hop;Vintage;0
Fabri Fibra - Stavo Pensando A Te.mp3;Fabri Fibra - Stavo Pensando A Te;Fabri fibra;2017;265;Hip Hop;Malinconia;0
Fabri Fibra - Fenomeno.mp3;Fabri Fibra - Fenomeno;Fabri Fibra;2017;246;Hip Hop;Energia;0
Marracash - LEI.mp3;Marracash - LEI;Marracash;2024;233;Hip Hop;Malinconia,Nuova uscita;0
Marracash - A Volte Esagero (Remaster 2025 - Lyric Video) ft. Salmo, Coez.mp3;Marracash - A Volte Esagero (Remaster 2025 - Lyric Video) ft. Salmo, Coez;Marracash;2015;0;Hip Hop;Energia;0
Marracash - Sindrome Depressiva Da Social Network (Remaster 2025 - Lyric Video).mp3;Marracash - Sindrome Depressiva Da Social Network (Remaster 2025 - Lyric Video);Marracash;2015;270;Hip Hop;Malinconia;0
Marracash - S.e.n.i.c.a.r. (Remaster 2025 - Lyric Video) ft. Guè.mp3;Marracash - S.e.n.i.c.a.r. (Remaster 2025 - Lyric Video) ft. Guè;Marracash;2025;0;Hip Hop;Nuova uscita;0
Marracash - QUALCOSA IN CUI CREDERE - Lo scheletro ft. Guè Pequeno.mp3;Marracash - QUALCOSA IN CUI CREDERE - Lo scheletro ft. Guè Pequeno;Marracash;2020;213;Hip Hop;Energia;0
Marracash - POCO DI BUONO - Il fegato.mp3;Marracash - POCO DI BUONO - Il fegato;Marracash;2020;186;R&B;Malinconia;0
Marracash - Badabum Cha Cha.mp3;Marracash - Badabum Cha Cha;Marracash;2008;218;Hip Hop;Energia;0
Bastavano Le Briciole.mp3;Bastavano Le Briciole;Marracash;2008;233;Hip Hop;Malinconia;0
Guè - Bling Bling (Oro).mp3;Guè - Bling Bling (Oro);Gue;2018;210;Hip Hop;Relax;0
Guè - Brivido ft. Marracash.mp3;Guè - Brivido ft. Marracash;gue ;2013;278;Classica;Malinconia;0
Voodoo.mp3;Voodoo;Gue;2015;205;Pop;Relax;0
Guè - 25 Ore (Visual).mp3;Guè - 25 Ore (Visual);Gue;2020;184;Hip Hop;Relax;0
Guè, Geolier - Blitz! (Visual).mp3;Guè, Geolier - Blitz! (Visual);gue ;2021;180;R&B;Energia;0
Guè - Veleno.mp3;Guè - Veleno;gue;2021;207;Pop;Relax;0
Fabri Fibra, Tranne Te(video ufficiale).mp3;Fabri Fibra, Tranne Te(video ufficiale);Fabri Fibra;2010;278;Hip Hop;Energia;0
Marracash & Guè - Salvador Dalì.mp3;Marracash & Guè - Salvador Dalì;Marracash Gue;2016;245;Hip Hop;Relax;0
Fabri Fibra con Neffa. Panico. Video ufficiale..mp3;Fabri Fibra con Neffa. Panico. Video ufficiale.;Fabri Fibra;2013;275;Hip Hop;Underground;1
ACDC - Back In Black (Official Video).mp3;ACDC - Back In Black (Official Video);ACDC;1980;253;Rock;Concentrazione;3
Kanye West - Stronger.mp3;Kanye West - Stronger;Kanye West;2007;266;Elettronica;Energia;3
Marracash - CRAZY LOVE.mp3;Marracash - CRAZY LOVE;Marracash;2021;218;Hip Hop;Macchina;2
CASTLE OF GLASS [Official Music Video] - Linkin Park.mp3;CASTLE OF GLASS [Official Music Video] - Linkin Park;Linkin Park;2004;289;Rock;Malinconia, Preferiti;3
Marracash - G.O.A.T. - Il cuore.mp3;Marracash - G.O.A.T. - Il cuore;Marracash;2020;209;Hip Hop;Energia, Preferiti;2
